"chromosome","gene","start","stop","refAllele","varAllele","mutation"
"14","AKT1","105246551","105246551","C","T","E17K"
"19","AKT2","40762959","40762959","C","T","E17K"
"19","AKT2","40742220","40742220","T","C","S302G"
"19","AKT2","40741860","40741860","C","T","R371H"
"1","AKT3","243859016","243859016","C","T","E17K"
"7","BRAF","140481418","140481418","C","G","G464R"
"7","BRAF","140481417","140481417","C","A","G464V"
"7","BRAF","140481412","140481412","C","G","G466R"
"7","BRAF","140481417","140481417","C","T","G464E"
"7","BRAF","140481402","140481402","C","G","G469A"
"7","BRAF","140481402","140481402","C","T","G469E"
"7","BRAF","140481402","140481402","C","A","G469V"
"7","BRAF","140453136","140453136","A","T","V600E"
"7","BRAF","140453154","140453154","T","C","D594G"
"7","BRAF","140453154","140453154","T","A","D594V"
"7","BRAF","140453134","140453134","T","C","K601E"
"7","BRAF","140453132","140453132","T","A","K601N"
"7","BRAF","140453137","140453137","C","G","V600L"
"7","BRAF","140453137","140453137","C","T","V600M"
"7","BRAF","140453146","140453146","G","C","L597V"
"7","BRAF","140453145","140453145","A","T","L597Q"
"7","BRAF","140453145","140453145","A","C","L597R"
"7","BRAF","140453139","140453139","G","A","T599I"
"7","BRAF","140453150","140453150","A","C","F595L"
"7","BRAF","140481403","140481403","C","G","G469R"
"7","BRAF","140481403","140481403","C","T","G469R"
"7","BRAF","140481401","140481403","TCC","GCT","G469S"
"7","BRAF","140453149","140453149","C","G","G596R"
"7","BRAF","140481417","140481417","C","T","G464E"
"7","BRAF","140453145","140453146","AG","GA","L597S"
"7","BRAF","140453135","140453136","CA","AT","V600D"
"7","BRAF","140453136","140453137","AC","CT","V600R"
"7","BRAF","140453145","140453145","A","G","L597P"
"7","BRAF","140481405","140481405","A","C","F468C"
"7","BRAF","140481403","140481403","C","T","G469R"
"7","BRAF","140453136","140453136","A","C","V600G"
"7","BRAF","140453136","140453137","CA","TT","V600K"
"12","CDK4","58145431","58145431","G","A","R24C"
"12","CDK4","58145430","58145430","C","T","R24H"
"3","CTNNB1","41266064","41266064","G","A","A21T"
"3","CTNNB1","41266098","41266098","A","C","D32A"
"3","CTNNB1","41266098","41266098","A","G","D32G"
"3","CTNNB1","41266097","41266097","G","C","D32H"
"3","CTNNB1","41266097","41266097","G","A","D32N"
"3","CTNNB1","41266098","41266098","A","T","D32V"
"3","CTNNB1","41266097","41266097","G","T","D32Y"
"3","CTNNB1","41266104","41266104","G","A","G34E"
"3","CTNNB1","41266103","41266103","G","C","G34R"
"3","CTNNB1","41266104","41266104","G","T","G34V"
"3","CTNNB1","41266100","41266100","T","G","S33A"
"3","CTNNB1","41266101","41266101","C","G","S33C"
"3","CTNNB1","41266101","41266101","C","T","S33F"
"3","CTNNB1","41266100","41266100","T","C","S33P"
"3","CTNNB1","41266101","41266101","C","A","S33Y"
"3","CTNNB1","41266112","41266112","T","G","S37A"
"3","CTNNB1","41266113","41266113","C","G","S37C"
"3","CTNNB1","41266113","41266113","C","T","S37F"
"3","CTNNB1","41266112","41266112","T","C","S37P"
"3","CTNNB1","41266113","41266113","C","A","S37Y"
"3","CTNNB1","41266136","41266136","T","G","S45A"
"3","CTNNB1","41266137","41266137","C","G","S45C"
"3","CTNNB1","41266137","41266137","C","T","S45F"
"3","CTNNB1","41266136","41266136","T","C","S45P"
"3","CTNNB1","41266137","41266137","C","A","S45Y"
"3","CTNNB1","41266124","41266124","A","G","T41A"
"3","CTNNB1","41266125","41266125","C","T","T41I"
"3","CTNNB1","41266124","41266124","A","T","T41S"
"3","CTNNB1","41266124","41266124","A","C","T41P"
"3","CTNNB1","41266068","41266068","T","C","V22A"
"3","CTNNB1","41266040","41266040","G","A","A13T"
"7","EGFR","55242478","55242478","G","C","A750P"
"7","EGFR","55249013","55249013","-","GGT","D770_N771insG"
"7","EGFR","55241708","55241708","G","C","G719A"
"7","EGFR","55241707","55241707","G","T","G719C"
"7","EGFR","55241707","55241707","G","A","G719S"
"7","EGFR","55259515","55259515","T","G","L858R"
"7","EGFR","55249071","55249071","C","T","T790M"
"7","EGFR","55242470","55242484","TAAGAGAAGCAACAT","-","L747_T751del"
"7","EGFR","55242469","55242486","TTAAGAGAAGCAACATCT","-","L747_S752del"
"7","EGFR","55242465","55242479","GGAATTAAGAGAAGC","-","E746_A750del"
"7","EGFR","55241678","55241678","A","C","E709A"
"7","EGFR","55241678","55241678","A","G","E709G"
"7","EGFR","55241678","55241678","A","T","E709V"
"7","EGFR","55241677","55241677","G","A","E709K"
"7","EGFR","55241677","55241677","G","C","E709Q"
"7","EGFR","55249012","55249012","C","A","D770E"
"7","EGFR","55249012","55249012","C","G","D770E"
"7","EGFR","55259502","55259502","A","G","T854A"
"7","EGFR","55259524","55259524","T","A","L861Q"
"7","EGFR","55249005","55249005","G","T","S768I"
"7","EGFR","55242482","55242482","C","T","T751I"
"7","EGFR","55242481","55242481","A","G","T751A"
"7","EGFR","55242465","55242482","GGAATTAAGAGAAGCAAC","-","E746_T751del"
"7","EGFR","55233043","55233043","G","T","G598V"
"7","EGFR","55221822","55221822","C","T","A289V"
"7","EGFR","55221743","55221743","A","C","T263P"
"7","EGFR","55211080","55211080","G","A","R108K"
"17","ERBB2","37880261","37880261","G","C","D769H"
"17","ERBB2","37881000","37881000","G","T","V777L"
"17","ERBB2","37880220","37880220","T","C","L755S"
"17","ERBB2","37880997","37880997","-","TTT","G776VC"
"17","ERBB2","37880996","37880996","G","CTTT","G776LC"
"17","ERBB2","37880997","37880997","G","A","G776S"
"17","ERBB2","37880997","37880997","-","TACGTGATGGCT","A775_G776insYVMA"
"17","ERBB2","37880219","37880220","TT","CC","L755P"
"17","ERBB2","37881011","37881011","-","GGCTCCCCA","P780_Y781insGSP"
"17","ERBB2","37881006","37881006","-","CTGTGGGCT","S779_P780insVGS"
"8","FGFR1","38282209","38282209","G","T","P252T"
"8","FGFR1","38285938","38285938","G","A","S125L"
"8","FGFR1","38287350","38287350","C","T","G70R"
"8","FGFR1","38285890","38285890","G","C","T141R"
"8","FGFR1","38272135","38272135","C","A","V664L"
"10","FGFR2","123279677","123279677","G","C","S252W"
"10","FGFR2","123274794","123274794","T","C","Y375C"
"10","FGFR2","123258034","123258034","A","T","N549K"
"10","FGFR2","123258034","123258034","A","C","N549K"
"4","FGFR3","1808331","1808331","G","T","G697C"
"4","FGFR3","1806089","1806089","G","T","G370C"
"4","FGFR3","1807889","1807889","A","C","K650Q"
"4","FGFR3","1803564","1803564","C","T","R248C"
"4","FGFR3","1803568","1803568","C","G","S249C"
"4","FGFR3","1806092","1806092","A","T","S371C"
"4","FGFR3","1806099","1806099","A","G","Y373C"
"4","FGFR3","1806153","1806153","C","A","A391E"
"4","FGFR3","1807889","1807889","A","G","K650E"
"4","FGFR3","1807890","1807890","A","T","K650M"
"4","FGFR3","1807890","1807890","A","C","K650T"
"11","HRAS","534288","534288","C","T","G12D"
"11","HRAS","534289","534289","C","G","G12R"
"11","HRAS","534289","534289","C","T","G12S"
"11","HRAS","534288","534288","C","G","G12A"
"11","HRAS","534288","534288","C","A","G12V"
"11","HRAS","534286","534286","C","A","G13C"
"11","HRAS","534286","534286","C","G","G13R"
"11","HRAS","534286","534286","C","T","G13S"
"11","HRAS","533873","533873","C","G","Q61H"
"11","HRAS","533873","533873","C","A","Q61H"
"11","HRAS","533875","533875","G","T","Q61K"
"11","HRAS","533874","533874","T","A","Q61L"
"11","HRAS","533874","533874","T","G","Q61P"
"11","HRAS","533874","533874","T","C","Q61R"
"4","KIT","55561764","55561764","G","A","D52N"
"4","KIT","55599320","55599320","G","C","D816H"
"4","KIT","55599321","55599321","A","T","D816V"
"4","KIT","55599320","55599320","G","T","D816Y"
"4","KIT","55602694","55602694","G","A","E839K"
"4","KIT","55593582","55593608","AAACCCATGTATGAAGTACAGTGGAAG","-","K550_K558del"
"4","KIT","55593606","55593614","AAGGTTGTT","-","K558_V560del"
"4","KIT","55593606","55593620","AAGGTTGTTGAGGAG","-","K558_E562del"
"4","KIT","55594221","55594221","A","G","K642E"
"4","KIT","55593661","55593661","T","C","L576P"
"4","KIT","55599340","55599340","T","A","N822K"
"4","KIT","55599340","55599340","T","G","N822K"
"4","KIT","55593610","55593610","T","C","V559A"
"4","KIT","55593610","55593610","T","A","V559D"
"4","KIT","55593610","55593610","T","G","V559G"
"4","KIT","55593609","55593609","G","A","V559I"
"4","KIT","55593613","55593613","T","A","V560D"
"4","KIT","55593609","55593611","GTT","-","V559del"
"4","KIT","55593613","55593613","T","G","V560G"
"4","KIT","55594258","55594258","T","C","V654A"
"4","KIT","55599348","55599348","T","C","V825A"
"4","KIT","55593603","55593603","T","G","W557G"
"4","KIT","55593603","55593603","T","A","W557R"
"4","KIT","55593603","55593603","T","C","W557R"
"4","KIT","55593669","55593671","GAT","-","D579del"
"4","KIT","55593609","55593614","GTTGTT","-","V559_V560del"
"4","KIT","55593612","55593614","GTT","-","V560del"
"4","KIT","55593615","55593615","G","A","E561K"
"4","KIT","55592185","55592185","-","GCCTAT","Y503_F504insAY"
"4","KIT","55593642","55593662","TACATAGACCCAACACAACTT","-","Y570_L576del"
"4","KIT","55599322","55599322","C","A","D816E"
"4","KIT","55599322","55599322","C","G","D816E"
"4","KIT","55599333","55599333","A","C","D820A"
"4","KIT","55599333","55599333","A","G","D820G"
"4","KIT","55599332","55599332","G","C","D820H"
"4","KIT","55599332","55599332","G","T","D820Y"
"4","KIT","55599338","55599338","A","C","N822H"
"4","KIT","55599339","55599339","A","T","N822I"
"4","KIT","55599338","55599338","A","T","N822Y"
"4","KIT","55599341","55599341","T","G","Y823D"
"4","KIT","55602664","55602664","G","C","A829P"
"12","KRAS","25380283","25380283","C","T","A59T"
"12","KRAS","25398284","25398284","C","G","G12A"
"12","KRAS","25398285","25398285","C","A","G12C"
"12","KRAS","25398284","25398284","C","T","G12D"
"12","KRAS","25398285","25398285","C","G","G12R"
"12","KRAS","25398285","25398285","C","T","G12S"
"12","KRAS","25398284","25398284","C","A","G12V"
"12","KRAS","25398281","25398281","C","T","G13D"
"12","KRAS","25398281","25398281","C","A","G13V"
"12","KRAS","25380277","25380277","G","C","Q61E"
"12","KRAS","25380275","25380275","T","A","Q61H"
"12","KRAS","25380275","25380275","T","G","Q61H"
"12","KRAS","25380277","25380277","G","T","Q61K"
"12","KRAS","25380276","25380276","T","A","Q61L"
"12","KRAS","25380276","25380276","T","G","Q61P"
"12","KRAS","25380276","25380276","T","C","Q61R"
"12","KRAS","25398284","25398285","CC","AA","G12F"
"15","MEK1","66727451","66727451","A","C","Q56P"
"15","MEK1","66729163","66729163","C","T","P124L"
"7","MET","116417464","116417464","A","T","H1112L"
"7","MET","116417464","116417464","A","G","H1112R"
"7","MET","116417463","116417463","C","T","H1112Y"
"7","MET","116423474","116423474","T","C","M1268T"
"7","MET","116423414","116423414","A","G","Y1248C"
"7","MET","116423413","116423413","T","C","Y1248H"
"7","MET","116423428","116423428","T","G","Y1235D"
"9","NOTCH1","139399368","139399368","A","G","F1593S"
"9","NOTCH1","139399296","139399296","A","T","I1617N"
"9","NOTCH1","139399389","139399389","A","G","L1586P"
"9","NOTCH1","139399365","139399365","A","G","L1594P"
"9","NOTCH1","139399344","139399344","A","G","L1601P"
"9","NOTCH1","139397768","139397768","A","G","L1679P"
"9","NOTCH1","139399350","139399350","C","G","R1599P"
"9","NOTCH1","139390816","139390816","G","A","Q2460*"
"1","NRAS","115258730","115258730","C","T","A18T"
"1","NRAS","115258747","115258747","C","G","G12A"
"1","NRAS","115258748","115258748","C","A","G12C"
"1","NRAS","115258747","115258747","C","T","G12D"
"1","NRAS","115258748","115258748","C","G","G12R"
"1","NRAS","115258748","115258748","C","T","G12S"
"1","NRAS","115258747","115258747","C","A","G12V"
"1","NRAS","115258744","115258744","C","G","G13A"
"1","NRAS","115258745","115258745","C","A","G13C"
"1","NRAS","115258744","115258744","C","T","G13D"
"1","NRAS","115258745","115258745","C","G","G13R"
"1","NRAS","115258745","115258745","C","T","G13S"
"1","NRAS","115258744","115258744","C","A","G13V"
"1","NRAS","115256530","115256530","G","C","Q61E"
"1","NRAS","115256528","115256528","T","A","Q61H"
"1","NRAS","115256528","115256528","T","G","Q61H"
"1","NRAS","115256530","115256530","G","T","Q61K"
"1","NRAS","115256529","115256529","T","A","Q61L"
"1","NRAS","115256529","115256529","T","G","Q61P"
"1","NRAS","115256529","115256529","T","C","Q61R"
"4","PDGFRA","55152092","55152103","GACATCATGCAT","-","D842_H845del"
"4","PDGFRA","55152093","55152093","A","T","D842V"
"4","PDGFRA","55152092","55152092","G","T","D842Y"
"4","PDGFRA","55152104","55152104","G","T","D846Y"
"4","PDGFRA","55152095","55152106","ATCATGCATGAT","-","I843_D846del"
"4","PDGFRA","55152096","55152107","TCATGCATGATT","-","I843_S847>T"
"4","PDGFRA","55141051","55141065","GCCCAGATGGACATG","-","S566_E571>K"
"4","PDGFRA","55141036","55141036","T","A","V561D"
"4","PDGFRA","55144547","55144547","C","T","T674I"
"4","PDGFRA","55151636","55151636","T","C","F808L"
"4","PDGFRA","55151638","55151638","T","A","F808L"
"4","PDGFRA","55151638","55151638","T","G","F808L"
"4","PDGFRA","55153643","55153643","A","G","N870S"
"4","PDGFRA","55161380","55161380","G","A","D1071N"
"3","PIK3CA","178927980","178927980","T","C","C420R"
"3","PIK3CA","178947827","178947827","G","T","C901F"
"3","PIK3CA","178936082","178936082","G","A","E542K"
"3","PIK3CA","178936082","178936082","G","C","E542Q"
"3","PIK3CA","178936092","178936092","A","C","E545A"
"3","PIK3CA","178936092","178936092","A","G","E545G"
"3","PIK3CA","178936091","178936091","G","A","E545K"
"3","PIK3CA","178936091","178936091","G","C","E545Q"
"3","PIK3CA","178936092","178936092","A","T","E545V"
"3","PIK3CA","178952090","178952090","G","C","G1049R"
"3","PIK3CA","178952090","178952090","G","A","G1049S"
"3","PIK3CA","178952085","178952085","A","T","H1047L"
"3","PIK3CA","178952085","178952085","A","G","H1047R"
"3","PIK3CA","178952084","178952084","C","T","H1047Y"
"3","PIK3CA","178938860","178938860","A","C","H701P"
"3","PIK3CA","178952074","178952074","G","T","M1043I"
"3","PIK3CA","178921553","178921553","T","A","N345K"
"3","PIK3CA","178936074","178936074","C","G","P539R"
"3","PIK3CA","178936094","178936094","C","G","Q546E"
"3","PIK3CA","178936094","178936094","C","A","Q546K"
"3","PIK3CA","178916726","178916726","G","A","R38H"
"3","PIK3CA","178916876","178916876","G","A","R88Q"
"3","PIK3CA","178952018","178952018","A","G","T1025A"
"3","PIK3CA","178952007","178952007","A","G","Y1021C"
"10","RET","43610039","43610039","C","A","A664D"
"10","RET","43609948","43609948","T","C","C634R"
"10","RET","43609950","43609950","C","G","C634W"
"10","RET","43609949","43609949","G","A","C634Y"
"10","RET","43609942","43609947","GAGCTG","-","E632_L633del"
"10","RET","43617416","43617416","T","C","M918T"
"7","SMO","128851593","128851593","A","G","T640A"
"19","STK11","1220487","1220487","G","A","D194N"
"19","STK11","1220488","1220488","A","T","D194V"
"19","STK11","1220487","1220487","G","T","D194Y"
"19","STK11","1220502","1220502","G","T","E199*"
"19","STK11","1220502","1220502","G","A","E199K"
"19","STK11","1220502","1220502","G","C","E199Q"
"19","STK11","1223125","1223125","C","G","F354L"
"19","STK11","1220494","1220494","G","T","G196V"
"19","STK11","1221319","1221319","C","T","P281L"
"19","STK11","1220415","1220415","C","T","Q170*"
"19","STK11","1207021","1207021","C","T","Q37*"
"19","STK11","1223059","1223059","G","A","W332*"
